{
    "LSTM": {
        "train_mse": 0.01261310258913117,
        "train_r2": 0.8203093049241696,
        "test_mse": 0.012438012191052198,
        "test_r2": 0.8260865217616733
    },
    "XGBoost": {
        "test_mse": 0.009582358061038444,
        "test_r2": 0.8660154697935469
    }
}