{
    "linear": {
        "train_score": 0.961624070809927,
        "test_score": 0.9728526880880359,
        "train_mse": 0.7541735833244108,
        "test_mse": 0.508712642572527,
        "train_r2": 0.961624070809927,
        "test_r2": 0.9728526880880359
    },
    "random_forest": {
        "train_score": 0.9947119571898992,
        "test_score": 0.9695443447300914,
        "train_mse": 0.10392197085610211,
        "test_mse": 0.5707075869565237,
        "train_r2": 0.9947119571898992,
        "test_r2": 0.9695443447300914
    },
    "xgboost": {
        "train_score": 0.99587046070906,
        "test_score": 0.9692951604262454,
        "train_mse": 0.0811547631616113,
        "test_mse": 0.5753770439586837,
        "train_r2": 0.99587046070906,
        "test_r2": 0.9692951604262454
    },
    "svr": {
        "train_score": 0.9481597110639228,
        "test_score": 0.9607514209795527,
        "train_mse": 1.0187786274529478,
        "test_mse": 0.7354779145521643,
        "train_r2": 0.9481597110639228,
        "test_r2": 0.9607514209795527
    },
    "mlp": {
        "train_score": 0.9549948142321627,
        "test_score": 0.9710721366903341,
        "train_mse": 0.8844534304459412,
        "test_mse": 0.5420783404249896,
        "train_r2": 0.9549948142321627,
        "test_r2": 0.9710721366903341
    }
}